,image_name,scale,center_w,center_h,
x0,y0,x1,y1,x2,y2,x3,y3,x4,y4,x5,y5,x6,y6,x7,y7,x8,y8,x9,y9,x10,y10,x11,y11,x12,y12,x13,y13,x14,y14,x15,y15,x16,y16,x17,y17,x18,y18,x19,y19,x20,y20,x21,y21,x22,y22,x23,y23,x24,y24,x25,y25,x26,y26,x27,y27,x28,y28,x29,y29,x30,y30,x31,y31,x32,y32,x33,y33,x34,y34,x35,y35,x36,y36,x37,y37,x38,y38,x39,y39,x40,y40,x41,y41,x42,y42,x43,y43,x44,y44,x45,y45,x46,y46,x47,y47,x48,y48,x49,y49,x50,y50,x51,y51,x52,y52,x53,y53,x54,y54,x55,y55,x56,y56,x57,y57,x58,y58,x59,y59,x60,y60,x61,y61,x62,y62,x63,y63,x64,y64,x65,y65,x66,y66,x67,y67,
boxratio,boxsize,width,height,face_width,face_height,cenrot_width,cenrot_height,interoc,interoc_norm,boxsize/interoc,yaw,roll,yaw_abs,roll_abs,
sym_diff-x36,sym_diff-y36,sym_diff-x39,sym_diff-y39,sym_diff-x37,sym_diff-y37,sym_diff-x38,sym_diff-y38,sym_diff-x40,sym_diff-y40,sym_diff-x41,sym_diff-y41,sym_diff-x31,sym_diff-y31,sym_diff-x32,sym_diff-y32,sym_diff-x0,sym_diff-y0,sym_diff-x1,sym_diff-y1,sym_diff-x2,sym_diff-y2,sym_diff-x3,sym_diff-y3,sym_diff-x4,sym_diff-y4,sym_diff-x5,sym_diff-y5,sym_diff-x6,sym_diff-y6,sym_diff-x7,sym_diff-y7,sym_diff-x17,sym_diff-y17,sym_diff-x18,sym_diff-y18,sym_diff-x19,sym_diff-y19,sym_diff-x20,sym_diff-y20,sym_diff-x21,sym_diff-y21,sym_diff-x48,sym_diff-y48,sym_diff-x49,sym_diff-y49,sym_diff-x50,sym_diff-y50,sym_diff-x60,sym_diff-y60,sym_diff-x61,sym_diff-y61,sym_diff-x67,sym_diff-y67,sym_diff-x59,sym_diff-y59,sym_diff-x58,sym_diff-y58,
norm_sym_diff-x36,norm_sym_diff-y36,norm_sym_diff-x39,norm_sym_diff-y39,norm_sym_diff-x37,norm_sym_diff-y37,norm_sym_diff-x38,norm_sym_diff-y38,norm_sym_diff-x40,norm_sym_diff-y40,norm_sym_diff-x41,norm_sym_diff-y41,norm_sym_diff-x31,norm_sym_diff-y31,norm_sym_diff-x32,norm_sym_diff-y32,norm_sym_diff-x0,norm_sym_diff-y0,norm_sym_diff-x1,norm_sym_diff-y1,norm_sym_diff-x2,norm_sym_diff-y2,norm_sym_diff-x3,norm_sym_diff-y3,norm_sym_diff-x4,norm_sym_diff-y4,norm_sym_diff-x5,norm_sym_diff-y5,norm_sym_diff-x6,norm_sym_diff-y6,norm_sym_diff-x7,norm_sym_diff-y7,norm_sym_diff-x17,norm_sym_diff-y17,norm_sym_diff-x18,norm_sym_diff-y18,norm_sym_diff-x19,norm_sym_diff-y19,norm_sym_diff-x20,norm_sym_diff-y20,norm_sym_diff-x21,norm_sym_diff-y21,norm_sym_diff-x48,norm_sym_diff-y48,norm_sym_diff-x49,norm_sym_diff-y49,norm_sym_diff-x50,norm_sym_diff-y50,norm_sym_diff-x60,norm_sym_diff-y60,norm_sym_diff-x61,norm_sym_diff-y61,norm_sym_diff-x67,norm_sym_diff-y67,norm_sym_diff-x59,norm_sym_diff-y59,norm_sym_diff-x58,norm_sym_diff-y58,
norm_cenrot_sym_diff-x36,norm_cenrot_sym_diff-y36,norm_cenrot_sym_diff-x39,norm_cenrot_sym_diff-y39,norm_cenrot_sym_diff-x37,norm_cenrot_sym_diff-y37,norm_cenrot_sym_diff-x38,norm_cenrot_sym_diff-y38,norm_cenrot_sym_diff-x40,norm_cenrot_sym_diff-y40,norm_cenrot_sym_diff-x41,norm_cenrot_sym_diff-y41,norm_cenrot_sym_diff-x31,norm_cenrot_sym_diff-y31,norm_cenrot_sym_diff-x32,norm_cenrot_sym_diff-y32,norm_cenrot_sym_diff-x0,norm_cenrot_sym_diff-y0,norm_cenrot_sym_diff-x1,norm_cenrot_sym_diff-y1,norm_cenrot_sym_diff-x2,norm_cenrot_sym_diff-y2,norm_cenrot_sym_diff-x3,norm_cenrot_sym_diff-y3,norm_cenrot_sym_diff-x4,norm_cenrot_sym_diff-y4,norm_cenrot_sym_diff-x5,norm_cenrot_sym_diff-y5,norm_cenrot_sym_diff-x6,norm_cenrot_sym_diff-y6,norm_cenrot_sym_diff-x7,norm_cenrot_sym_diff-y7,norm_cenrot_sym_diff-x17,norm_cenrot_sym_diff-y17,norm_cenrot_sym_diff-x18,norm_cenrot_sym_diff-y18,norm_cenrot_sym_diff-x19,norm_cenrot_sym_diff-y19,norm_cenrot_sym_diff-x20,norm_cenrot_sym_diff-y20,norm_cenrot_sym_diff-x21,norm_cenrot_sym_diff-y21,norm_cenrot_sym_diff-x48,norm_cenrot_sym_diff-y48,norm_cenrot_sym_diff-x49,norm_cenrot_sym_diff-y49,norm_cenrot_sym_diff-x50,norm_cenrot_sym_diff-y50,norm_cenrot_sym_diff-x60,norm_cenrot_sym_diff-y60,norm_cenrot_sym_diff-x61,norm_cenrot_sym_diff-y61,norm_cenrot_sym_diff-x67,norm_cenrot_sym_diff-y67,norm_cenrot_sym_diff-x59,norm_cenrot_sym_diff-y59,norm_cenrot_sym_diff-x58,norm_cenrot_sym_diff-y58,
norm-x0,norm-y0,norm-x1,norm-y1,norm-x2,norm-y2,norm-x3,norm-y3,norm-x4,norm-y4,norm-x5,norm-y5,norm-x6,norm-y6,norm-x7,norm-y7,norm-x8,norm-y8,norm-x9,norm-y9,norm-x10,norm-y10,norm-x11,norm-y11,norm-x12,norm-y12,norm-x13,norm-y13,norm-x14,norm-y14,norm-x15,norm-y15,norm-x16,norm-y16,norm-x17,norm-y17,norm-x18,norm-y18,norm-x19,norm-y19,norm-x20,norm-y20,norm-x21,norm-y21,norm-x22,norm-y22,norm-x23,norm-y23,norm-x24,norm-y24,norm-x25,norm-y25,norm-x26,norm-y26,norm-x27,norm-y27,norm-x28,norm-y28,norm-x29,norm-y29,norm-x30,norm-y30,norm-x31,norm-y31,norm-x32,norm-y32,norm-x33,norm-y33,norm-x34,norm-y34,norm-x35,norm-y35,norm-x36,norm-y36,norm-x37,norm-y37,norm-x38,norm-y38,norm-x39,norm-y39,norm-x40,norm-y40,norm-x41,norm-y41,norm-x42,norm-y42,norm-x43,norm-y43,norm-x44,norm-y44,norm-x45,norm-y45,norm-x46,norm-y46,norm-x47,norm-y47,norm-x48,norm-y48,norm-x49,norm-y49,norm-x50,norm-y50,norm-x51,norm-y51,norm-x52,norm-y52,norm-x53,norm-y53,norm-x54,norm-y54,norm-x55,norm-y55,norm-x56,norm-y56,norm-x57,norm-y57,norm-x58,norm-y58,norm-x59,norm-y59,norm-x60,norm-y60,norm-x61,norm-y61,norm-x62,norm-y62,norm-x63,norm-y63,norm-x64,norm-y64,norm-x65,norm-y65,norm-x66,norm-y66,norm-x67,norm-y67,
cenrot-x0,cenrot-y0,cenrot-x1,cenrot-y1,cenrot-x2,cenrot-y2,cenrot-x3,cenrot-y3,cenrot-x4,cenrot-y4,cenrot-x5,cenrot-y5,cenrot-x6,cenrot-y6,cenrot-x7,cenrot-y7,cenrot-x8,cenrot-y8,cenrot-x9,cenrot-y9,cenrot-x10,cenrot-y10,cenrot-x11,cenrot-y11,cenrot-x12,cenrot-y12,cenrot-x13,cenrot-y13,cenrot-x14,cenrot-y14,cenrot-x15,cenrot-y15,cenrot-x16,cenrot-y16,cenrot-x17,cenrot-y17,cenrot-x18,cenrot-y18,cenrot-x19,cenrot-y19,cenrot-x20,cenrot-y20,cenrot-x21,cenrot-y21,cenrot-x22,cenrot-y22,cenrot-x23,cenrot-y23,cenrot-x24,cenrot-y24,cenrot-x25,cenrot-y25,cenrot-x26,cenrot-y26,cenrot-x27,cenrot-y27,cenrot-x28,cenrot-y28,cenrot-x29,cenrot-y29,cenrot-x30,cenrot-y30,cenrot-x31,cenrot-y31,cenrot-x32,cenrot-y32,cenrot-x33,cenrot-y33,cenrot-x34,cenrot-y34,cenrot-x35,cenrot-y35,cenrot-x36,cenrot-y36,cenrot-x37,cenrot-y37,cenrot-x38,cenrot-y38,cenrot-x39,cenrot-y39,cenrot-x40,cenrot-y40,cenrot-x41,cenrot-y41,cenrot-x42,cenrot-y42,cenrot-x43,cenrot-y43,cenrot-x44,cenrot-y44,cenrot-x45,cenrot-y45,cenrot-x46,cenrot-y46,cenrot-x47,cenrot-y47,cenrot-x48,cenrot-y48,cenrot-x49,cenrot-y49,cenrot-x50,cenrot-y50,cenrot-x51,cenrot-y51,cenrot-x52,cenrot-y52,cenrot-x53,cenrot-y53,cenrot-x54,cenrot-y54,cenrot-x55,cenrot-y55,cenrot-x56,cenrot-y56,cenrot-x57,cenrot-y57,cenrot-x58,cenrot-y58,cenrot-x59,cenrot-y59,cenrot-x60,cenrot-y60,cenrot-x61,cenrot-y61,cenrot-x62,cenrot-y62,cenrot-x63,cenrot-y63,cenrot-x64,cenrot-y64,cenrot-x65,cenrot-y65,cenrot-x66,cenrot-y66,cenrot-x67,cenrot-y67,
norm_cenrot-x0,norm_cenrot-y0,norm_cenrot-x1,norm_cenrot-y1,norm_cenrot-x2,norm_cenrot-y2,norm_cenrot-x3,norm_cenrot-y3,norm_cenrot-x4,norm_cenrot-y4,norm_cenrot-x5,norm_cenrot-y5,norm_cenrot-x6,norm_cenrot-y6,norm_cenrot-x7,norm_cenrot-y7,norm_cenrot-x8,norm_cenrot-y8,norm_cenrot-x9,norm_cenrot-y9,norm_cenrot-x10,norm_cenrot-y10,norm_cenrot-x11,norm_cenrot-y11,norm_cenrot-x12,norm_cenrot-y12,norm_cenrot-x13,norm_cenrot-y13,norm_cenrot-x14,norm_cenrot-y14,norm_cenrot-x15,norm_cenrot-y15,norm_cenrot-x16,norm_cenrot-y16,norm_cenrot-x17,norm_cenrot-y17,norm_cenrot-x18,norm_cenrot-y18,norm_cenrot-x19,norm_cenrot-y19,norm_cenrot-x20,norm_cenrot-y20,norm_cenrot-x21,norm_cenrot-y21,norm_cenrot-x22,norm_cenrot-y22,norm_cenrot-x23,norm_cenrot-y23,norm_cenrot-x24,norm_cenrot-y24,norm_cenrot-x25,norm_cenrot-y25,norm_cenrot-x26,norm_cenrot-y26,norm_cenrot-x27,norm_cenrot-y27,norm_cenrot-x28,norm_cenrot-y28,norm_cenrot-x29,norm_cenrot-y29,norm_cenrot-x30,norm_cenrot-y30,norm_cenrot-x31,norm_cenrot-y31,norm_cenrot-x32,norm_cenrot-y32,norm_cenrot-x33,norm_cenrot-y33,norm_cenrot-x34,norm_cenrot-y34,norm_cenrot-x35,norm_cenrot-y35,norm_cenrot-x36,norm_cenrot-y36,norm_cenrot-x37,norm_cenrot-y37,norm_cenrot-x38,norm_cenrot-y38,norm_cenrot-x39,norm_cenrot-y39,norm_cenrot-x40,norm_cenrot-y40,norm_cenrot-x41,norm_cenrot-y41,norm_cenrot-x42,norm_cenrot-y42,norm_cenrot-x43,norm_cenrot-y43,norm_cenrot-x44,norm_cenrot-y44,norm_cenrot-x45,norm_cenrot-y45,norm_cenrot-x46,norm_cenrot-y46,norm_cenrot-x47,norm_cenrot-y47,norm_cenrot-x48,norm_cenrot-y48,norm_cenrot-x49,norm_cenrot-y49,norm_cenrot-x50,norm_cenrot-y50,norm_cenrot-x51,norm_cenrot-y51,norm_cenrot-x52,norm_cenrot-y52,norm_cenrot-x53,norm_cenrot-y53,norm_cenrot-x54,norm_cenrot-y54,norm_cenrot-x55,norm_cenrot-y55,norm_cenrot-x56,norm_cenrot-y56,norm_cenrot-x57,norm_cenrot-y57,norm_cenrot-x58,norm_cenrot-y58,norm_cenrot-x59,norm_cenrot-y59,norm_cenrot-x60,norm_cenrot-y60,norm_cenrot-x61,norm_cenrot-y61,norm_cenrot-x62,norm_cenrot-y62,norm_cenrot-x63,norm_cenrot-y63,norm_cenrot-x64,norm_cenrot-y64,norm_cenrot-x65,norm_cenrot-y65,norm_cenrot-x66,norm_cenrot-y66,norm_cenrot-x67,norm_cenrot-y67,
baby,image-set,filename,partition,subpartition,turned,occluded,expressive,tilted,
dist_0_1,dist_0_2,dist_0_3,dist_0_4,dist_0_5,dist_0_6,dist_0_7,dist_0_8,dist_0_9,dist_0_10,dist_0_11,dist_0_12,dist_0_13,dist_0_14,dist_0_15,dist_0_16,dist_0_17,dist_0_18,dist_0_19,dist_0_20,dist_0_21,dist_0_22,dist_0_23,dist_0_24,dist_0_25,dist_0_26,dist_0_27,dist_0_28,dist_0_29,dist_0_30,dist_0_31,dist_0_32,dist_0_33,dist_0_34,dist_0_35,dist_0_36,dist_0_37,dist_0_38,dist_0_39,dist_0_40,dist_0_41,dist_0_42,dist_0_43,dist_0_44,dist_0_45,dist_0_46,dist_0_47,dist_0_48,dist_0_49,dist_0_50,dist_0_51,dist_0_52,dist_0_53,dist_0_54,dist_0_55,dist_0_56,dist_0_57,dist_0_58,dist_0_59,dist_0_60,dist_0_61,dist_0_62,dist_0_63,dist_0_64,dist_0_65,dist_0_66,dist_0_67,dist_1_2,dist_1_3,dist_1_4,dist_1_5,dist_1_6,dist_1_7,dist_1_8,dist_1_9,dist_1_10,dist_1_11,dist_1_12,dist_1_13,dist_1_14,dist_1_15,dist_1_16,dist_1_17,dist_1_18,dist_1_19,dist_1_20,dist_1_21,dist_1_22,dist_1_23,dist_1_24,dist_1_25,dist_1_26,dist_1_27,dist_1_28,dist_1_29,dist_1_30,dist_1_31,dist_1_32,dist_1_33,dist_1_34,dist_1_35,dist_1_36,dist_1_37,dist_1_38,dist_1_39,dist_1_40,dist_1_41,dist_1_42,dist_1_43,dist_1_44,dist_1_45,dist_1_46,dist_1_47,dist_1_48,dist_1_49,dist_1_50,dist_1_51,dist_1_52,dist_1_53,dist_1_54,dist_1_55,dist_1_56,dist_1_57,dist_1_58,dist_1_59,dist_1_60,dist_1_61,dist_1_62,dist_1_63,dist_1_64,dist_1_65,dist_1_66,dist_1_67,dist_2_3,dist_2_4,dist_2_5,dist_2_6,dist_2_7,dist_2_8,dist_2_9,dist_2_10,dist_2_11,dist_2_12,dist_2_13,dist_2_14,dist_2_15,dist_2_16,dist_2_17,dist_2_18,dist_2_19,dist_2_20,dist_2_21,dist_2_22,dist_2_23,dist_2_24,dist_2_25,dist_2_26,dist_2_27,dist_2_28,dist_2_29,dist_2_30,dist_2_31,dist_2_32,dist_2_33,dist_2_34,dist_2_35,dist_2_36,dist_2_37,dist_2_38,dist_2_39,dist_2_40,dist_2_41,dist_2_42,dist_2_43,dist_2_44,dist_2_45,dist_2_46,dist_2_47,dist_2_48,dist_2_49,dist_2_50,dist_2_51,dist_2_52,dist_2_53,dist_2_54,dist_2_55,dist_2_56,dist_2_57,dist_2_58,dist_2_59,dist_2_60,dist_2_61,dist_2_62,dist_2_63,dist_2_64,dist_2_65,dist_2_66,dist_2_67,dist_3_4,dist_3_5,dist_3_6,dist_3_7,dist_3_8,dist_3_9,dist_3_10,dist_3_11,dist_3_12,dist_3_13,dist_3_14,dist_3_15,dist_3_16,dist_3_17,dist_3_18,dist_3_19,dist_3_20,dist_3_21,dist_3_22,dist_3_23,dist_3_24,dist_3_25,dist_3_26,dist_3_27,dist_3_28,dist_3_29,dist_3_30,dist_3_31,dist_3_32,dist_3_33,dist_3_34,dist_3_35,dist_3_36,dist_3_37,dist_3_38,dist_3_39,dist_3_40,dist_3_41,dist_3_42,dist_3_43,dist_3_44,dist_3_45,dist_3_46,dist_3_47,dist_3_48,dist_3_49,dist_3_50,dist_3_51,dist_3_52,dist_3_53,dist_3_54,dist_3_55,dist_3_56,dist_3_57,dist_3_58,dist_3_59,dist_3_60,dist_3_61,dist_3_62,dist_3_63,dist_3_64,dist_3_65,dist_3_66,dist_3_67,dist_4_5,dist_4_6,dist_4_7,dist_4_8,dist_4_9,dist_4_10,dist_4_11,dist_4_12,dist_4_13,dist_4_14,dist_4_15,dist_4_16,dist_4_17,dist_4_18,dist_4_19,dist_4_20,dist_4_21,dist_4_22,dist_4_23,dist_4_24,dist_4_25,dist_4_26,dist_4_27,dist_4_28,dist_4_29,dist_4_30,dist_4_31,dist_4_32,dist_4_33,dist_4_34,dist_4_35,dist_4_36,dist_4_37,dist_4_38,dist_4_39,dist_4_40,dist_4_41,dist_4_42,dist_4_43,dist_4_44,dist_4_45,dist_4_46,dist_4_47,dist_4_48,dist_4_49,dist_4_50,dist_4_51,dist_4_52,dist_4_53,dist_4_54,dist_4_55,dist_4_56,dist_4_57,dist_4_58,dist_4_59,dist_4_60,dist_4_61,dist_4_62,dist_4_63,dist_4_64,dist_4_65,dist_4_66,dist_4_67,dist_5_6,dist_5_7,dist_5_8,dist_5_9,dist_5_10,dist_5_11,dist_5_12,dist_5_13,dist_5_14,dist_5_15,dist_5_16,dist_5_17,dist_5_18,dist_5_19,dist_5_20,dist_5_21,dist_5_22,dist_5_23,dist_5_24,dist_5_25,dist_5_26,dist_5_27,dist_5_28,dist_5_29,dist_5_30,dist_5_31,dist_5_32,dist_5_33,dist_5_34,dist_5_35,dist_5_36,dist_5_37,dist_5_38,dist_5_39,dist_5_40,dist_5_41,dist_5_42,dist_5_43,dist_5_44,dist_5_45,dist_5_46,dist_5_47,dist_5_48,dist_5_49,dist_5_50,dist_5_51,dist_5_52,dist_5_53,dist_5_54,dist_5_55,dist_5_56,dist_5_57,dist_5_58,dist_5_59,dist_5_60,dist_5_61,dist_5_62,dist_5_63,dist_5_64,dist_5_65,dist_5_66,dist_5_67,dist_6_7,dist_6_8,dist_6_9,dist_6_10,dist_6_11,dist_6_12,dist_6_13,dist_6_14,dist_6_15,dist_6_16,dist_6_17,dist_6_18,dist_6_19,dist_6_20,dist_6_21,dist_6_22,dist_6_23,dist_6_24,dist_6_25,dist_6_26,dist_6_27,dist_6_28,dist_6_29,dist_6_30,dist_6_31,dist_6_32,dist_6_33,dist_6_34,dist_6_35,dist_6_36,dist_6_37,dist_6_38,dist_6_39,dist_6_40,dist_6_41,dist_6_42,dist_6_43,dist_6_44,dist_6_45,dist_6_46,dist_6_47,dist_6_48,dist_6_49,dist_6_50,dist_6_51,dist_6_52,dist_6_53,dist_6_54,dist_6_55,dist_6_56,dist_6_57,dist_6_58,dist_6_59,dist_6_60,dist_6_61,dist_6_62,dist_6_63,dist_6_64,dist_6_65,dist_6_66,dist_6_67,dist_7_8,dist_7_9,dist_7_10,dist_7_11,dist_7_12,dist_7_13,dist_7_14,dist_7_15,dist_7_16,dist_7_17,dist_7_18,dist_7_19,dist_7_20,dist_7_21,dist_7_22,dist_7_23,dist_7_24,dist_7_25,dist_7_26,dist_7_27,dist_7_28,dist_7_29,dist_7_30,dist_7_31,dist_7_32,dist_7_33,dist_7_34,dist_7_35,dist_7_36,dist_7_37,dist_7_38,dist_7_39,dist_7_40,dist_7_41,dist_7_42,dist_7_43,dist_7_44,dist_7_45,dist_7_46,dist_7_47,dist_7_48,dist_7_49,dist_7_50,dist_7_51,dist_7_52,dist_7_53,dist_7_54,dist_7_55,dist_7_56,dist_7_57,dist_7_58,dist_7_59,dist_7_60,dist_7_61,dist_7_62,dist_7_63,dist_7_64,dist_7_65,dist_7_66,dist_7_67,dist_8_9,dist_8_10,dist_8_11,dist_8_12,dist_8_13,dist_8_14,dist_8_15,dist_8_16,dist_8_17,dist_8_18,dist_8_19,dist_8_20,dist_8_21,dist_8_22,dist_8_23,dist_8_24,dist_8_25,dist_8_26,dist_8_27,dist_8_28,dist_8_29,dist_8_30,dist_8_31,dist_8_32,dist_8_33,dist_8_34,dist_8_35,dist_8_36,dist_8_37,dist_8_38,dist_8_39,dist_8_40,dist_8_41,dist_8_42,dist_8_43,dist_8_44,dist_8_45,dist_8_46,dist_8_47,dist_8_48,dist_8_49,dist_8_50,dist_8_51,dist_8_52,dist_8_53,dist_8_54,dist_8_55,dist_8_56,dist_8_57,dist_8_58,dist_8_59,dist_8_60,dist_8_61,dist_8_62,dist_8_63,dist_8_64,dist_8_65,dist_8_66,dist_8_67,dist_9_10,dist_9_11,dist_9_12,dist_9_13,dist_9_14,dist_9_15,dist_9_16,dist_9_17,dist_9_18,dist_9_19,dist_9_20,dist_9_21,dist_9_22,dist_9_23,dist_9_24,dist_9_25,dist_9_26,dist_9_27,dist_9_28,dist_9_29,dist_9_30,dist_9_31,dist_9_32,dist_9_33,dist_9_34,dist_9_35,dist_9_36,dist_9_37,dist_9_38,dist_9_39,dist_9_40,dist_9_41,dist_9_42,dist_9_43,dist_9_44,dist_9_45,dist_9_46,dist_9_47,dist_9_48,dist_9_49,dist_9_50,dist_9_51,dist_9_52,dist_9_53,dist_9_54,dist_9_55,dist_9_56,dist_9_57,dist_9_58,dist_9_59,dist_9_60,dist_9_61,dist_9_62,dist_9_63,dist_9_64,dist_9_65,dist_9_66,dist_9_67,dist_10_11,dist_10_12,dist_10_13,dist_10_14,dist_10_15,dist_10_16,dist_10_17,dist_10_18,dist_10_19,dist_10_20,dist_10_21,dist_10_22,dist_10_23,dist_10_24,dist_10_25,dist_10_26,dist_10_27,dist_10_28,dist_10_29,dist_10_30,dist_10_31,dist_10_32,dist_10_33,dist_10_34,dist_10_35,dist_10_36,dist_10_37,dist_10_38,dist_10_39,dist_10_40,dist_10_41,dist_10_42,dist_10_43,dist_10_44,dist_10_45,dist_10_46,dist_10_47,dist_10_48,dist_10_49,dist_10_50,dist_10_51,dist_10_52,dist_10_53,dist_10_54,dist_10_55,dist_10_56,dist_10_57,dist_10_58,dist_10_59,dist_10_60,dist_10_61,dist_10_62,dist_10_63,dist_10_64,dist_10_65,dist_10_66,dist_10_67,dist_11_12,dist_11_13,dist_11_14,dist_11_15,dist_11_16,dist_11_17,dist_11_18,dist_11_19,dist_11_20,dist_11_21,dist_11_22,dist_11_23,dist_11_24,dist_11_25,dist_11_26,dist_11_27,dist_11_28,dist_11_29,dist_11_30,dist_11_31,dist_11_32,dist_11_33,dist_11_34,dist_11_35,dist_11_36,dist_11_37,dist_11_38,dist_11_39,dist_11_40,dist_11_41,dist_11_42,dist_11_43,dist_11_44,dist_11_45,dist_11_46,dist_11_47,dist_11_48,dist_11_49,dist_11_50,dist_11_51,dist_11_52,dist_11_53,dist_11_54,dist_11_55,dist_11_56,dist_11_57,dist_11_58,dist_11_59,dist_11_60,dist_11_61,dist_11_62,dist_11_63,dist_11_64,dist_11_65,dist_11_66,dist_11_67,dist_12_13,dist_12_14,dist_12_15,dist_12_16,dist_12_17,dist_12_18,dist_12_19,dist_12_20,dist_12_21,dist_12_22,dist_12_23,dist_12_24,dist_12_25,dist_12_26,dist_12_27,dist_12_28,dist_12_29,dist_12_30,dist_12_31,dist_12_32,dist_12_33,dist_12_34,dist_12_35,dist_12_36,dist_12_37,dist_12_38,dist_12_39,dist_12_40,dist_12_41,dist_12_42,dist_12_43,dist_12_44,dist_12_45,dist_12_46,dist_12_47,dist_12_48,dist_12_49,dist_12_50,dist_12_51,dist_12_52,dist_12_53,dist_12_54,dist_12_55,dist_12_56,dist_12_57,dist_12_58,dist_12_59,dist_12_60,dist_12_61,dist_12_62,dist_12_63,dist_12_64,dist_12_65,dist_12_66,dist_12_67,dist_13_14,dist_13_15,dist_13_16,dist_13_17,dist_13_18,dist_13_19,dist_13_20,dist_13_21,dist_13_22,dist_13_23,dist_13_24,dist_13_25,dist_13_26,dist_13_27,dist_13_28,dist_13_29,dist_13_30,dist_13_31,dist_13_32,dist_13_33,dist_13_34,dist_13_35,dist_13_36,dist_13_37,dist_13_38,dist_13_39,dist_13_40,dist_13_41,dist_13_42,dist_13_43,dist_13_44,dist_13_45,dist_13_46,dist_13_47,dist_13_48,dist_13_49,dist_13_50,dist_13_51,dist_13_52,dist_13_53,dist_13_54,dist_13_55,dist_13_56,dist_13_57,dist_13_58,dist_13_59,dist_13_60,dist_13_61,dist_13_62,dist_13_63,dist_13_64,dist_13_65,dist_13_66,dist_13_67,dist_14_15,dist_14_16,dist_14_17,dist_14_18,dist_14_19,dist_14_20,dist_14_21,dist_14_22,dist_14_23,dist_14_24,dist_14_25,dist_14_26,dist_14_27,dist_14_28,dist_14_29,dist_14_30,dist_14_31,dist_14_32,dist_14_33,dist_14_34,dist_14_35,dist_14_36,dist_14_37,dist_14_38,dist_14_39,dist_14_40,dist_14_41,dist_14_42,dist_14_43,dist_14_44,dist_14_45,dist_14_46,dist_14_47,dist_14_48,dist_14_49,dist_14_50,dist_14_51,dist_14_52,dist_14_53,dist_14_54,dist_14_55,dist_14_56,dist_14_57,dist_14_58,dist_14_59,dist_14_60,dist_14_61,dist_14_62,dist_14_63,dist_14_64,dist_14_65,dist_14_66,dist_14_67,dist_15_16,dist_15_17,dist_15_18,dist_15_19,dist_15_20,dist_15_21,dist_15_22,dist_15_23,dist_15_24,dist_15_25,dist_15_26,dist_15_27,dist_15_28,dist_15_29,dist_15_30,dist_15_31,dist_15_32,dist_15_33,dist_15_34,dist_15_35,dist_15_36,dist_15_37,dist_15_38,dist_15_39,dist_15_40,dist_15_41,dist_15_42,dist_15_43,dist_15_44,dist_15_45,dist_15_46,dist_15_47,dist_15_48,dist_15_49,dist_15_50,dist_15_51,dist_15_52,dist_15_53,dist_15_54,dist_15_55,dist_15_56,dist_15_57,dist_15_58,dist_15_59,dist_15_60,dist_15_61,dist_15_62,dist_15_63,dist_15_64,dist_15_65,dist_15_66,dist_15_67,dist_16_17,dist_16_18,dist_16_19,dist_16_20,dist_16_21,dist_16_22,dist_16_23,dist_16_24,dist_16_25,dist_16_26,dist_16_27,dist_16_28,dist_16_29,dist_16_30,dist_16_31,dist_16_32,dist_16_33,dist_16_34,dist_16_35,dist_16_36,dist_16_37,dist_16_38,dist_16_39,dist_16_40,dist_16_41,dist_16_42,dist_16_43,dist_16_44,dist_16_45,dist_16_46,dist_16_47,dist_16_48,dist_16_49,dist_16_50,dist_16_51,dist_16_52,dist_16_53,dist_16_54,dist_16_55,dist_16_56,dist_16_57,dist_16_58,dist_16_59,dist_16_60,dist_16_61,dist_16_62,dist_16_63,dist_16_64,dist_16_65,dist_16_66,dist_16_67,dist_17_18,dist_17_19,dist_17_20,dist_17_21,dist_17_22,dist_17_23,dist_17_24,dist_17_25,dist_17_26,dist_17_27,dist_17_28,dist_17_29,dist_17_30,dist_17_31,dist_17_32,dist_17_33,dist_17_34,dist_17_35,dist_17_36,dist_17_37,dist_17_38,dist_17_39,dist_17_40,dist_17_41,dist_17_42,dist_17_43,dist_17_44,dist_17_45,dist_17_46,dist_17_47,dist_17_48,dist_17_49,dist_17_50,dist_17_51,dist_17_52,dist_17_53,dist_17_54,dist_17_55,dist_17_56,dist_17_57,dist_17_58,dist_17_59,dist_17_60,dist_17_61,dist_17_62,dist_17_63,dist_17_64,dist_17_65,dist_17_66,dist_17_67,dist_18_19,dist_18_20,dist_18_21,dist_18_22,dist_18_23,dist_18_24,dist_18_25,dist_18_26,dist_18_27,dist_18_28,dist_18_29,dist_18_30,dist_18_31,dist_18_32,dist_18_33,dist_18_34,dist_18_35,dist_18_36,dist_18_37,dist_18_38,dist_18_39,dist_18_40,dist_18_41,dist_18_42,dist_18_43,dist_18_44,dist_18_45,dist_18_46,dist_18_47,dist_18_48,dist_18_49,dist_18_50,dist_18_51,dist_18_52,dist_18_53,dist_18_54,dist_18_55,dist_18_56,dist_18_57,dist_18_58,dist_18_59,dist_18_60,dist_18_61,dist_18_62,dist_18_63,dist_18_64,dist_18_65,dist_18_66,dist_18_67,dist_19_20,dist_19_21,dist_19_22,dist_19_23,dist_19_24,dist_19_25,dist_19_26,dist_19_27,dist_19_28,dist_19_29,dist_19_30,dist_19_31,dist_19_32,dist_19_33,dist_19_34,dist_19_35,dist_19_36,dist_19_37,dist_19_38,dist_19_39,dist_19_40,dist_19_41,dist_19_42,dist_19_43,dist_19_44,dist_19_45,dist_19_46,dist_19_47,dist_19_48,dist_19_49,dist_19_50,dist_19_51,dist_19_52,dist_19_53,dist_19_54,dist_19_55,dist_19_56,dist_19_57,dist_19_58,dist_19_59,dist_19_60,dist_19_61,dist_19_62,dist_19_63,dist_19_64,dist_19_65,dist_19_66,dist_19_67,dist_20_21,dist_20_22,dist_20_23,dist_20_24,dist_20_25,dist_20_26,dist_20_27,dist_20_28,dist_20_29,dist_20_30,dist_20_31,dist_20_32,dist_20_33,dist_20_34,dist_20_35,dist_20_36,dist_20_37,dist_20_38,dist_20_39,dist_20_40,dist_20_41,dist_20_42,dist_20_43,dist_20_44,dist_20_45,dist_20_46,dist_20_47,dist_20_48,dist_20_49,dist_20_50,dist_20_51,dist_20_52,dist_20_53,dist_20_54,dist_20_55,dist_20_56,dist_20_57,dist_20_58,dist_20_59,dist_20_60,dist_20_61,dist_20_62,dist_20_63,dist_20_64,dist_20_65,dist_20_66,dist_20_67,dist_21_22,dist_21_23,dist_21_24,dist_21_25,dist_21_26,dist_21_27,dist_21_28,dist_21_29,dist_21_30,dist_21_31,dist_21_32,dist_21_33,dist_21_34,dist_21_35,dist_21_36,dist_21_37,dist_21_38,dist_21_39,dist_21_40,dist_21_41,dist_21_42,dist_21_43,dist_21_44,dist_21_45,dist_21_46,dist_21_47,dist_21_48,dist_21_49,dist_21_50,dist_21_51,dist_21_52,dist_21_53,dist_21_54,dist_21_55,dist_21_56,dist_21_57,dist_21_58,dist_21_59,dist_21_60,dist_21_61,dist_21_62,dist_21_63,dist_21_64,dist_21_65,dist_21_66,dist_21_67,dist_22_23,dist_22_24,dist_22_25,dist_22_26,dist_22_27,dist_22_28,dist_22_29,dist_22_30,dist_22_31,dist_22_32,dist_22_33,dist_22_34,dist_22_35,dist_22_36,dist_22_37,dist_22_38,dist_22_39,dist_22_40,dist_22_41,dist_22_42,dist_22_43,dist_22_44,dist_22_45,dist_22_46,dist_22_47,dist_22_48,dist_22_49,dist_22_50,dist_22_51,dist_22_52,dist_22_53,dist_22_54,dist_22_55,dist_22_56,dist_22_57,dist_22_58,dist_22_59,dist_22_60,dist_22_61,dist_22_62,dist_22_63,dist_22_64,dist_22_65,dist_22_66,dist_22_67,dist_23_24,dist_23_25,dist_23_26,dist_23_27,dist_23_28,dist_23_29,dist_23_30,dist_23_31,dist_23_32,dist_23_33,dist_23_34,dist_23_35,dist_23_36,dist_23_37,dist_23_38,dist_23_39,dist_23_40,dist_23_41,dist_23_42,dist_23_43,dist_23_44,dist_23_45,dist_23_46,dist_23_47,dist_23_48,dist_23_49,dist_23_50,dist_23_51,dist_23_52,dist_23_53,dist_23_54,dist_23_55,dist_23_56,dist_23_57,dist_23_58,dist_23_59,dist_23_60,dist_23_61,dist_23_62,dist_23_63,dist_23_64,dist_23_65,dist_23_66,dist_23_67,dist_24_25,dist_24_26,dist_24_27,dist_24_28,dist_24_29,dist_24_30,dist_24_31,dist_24_32,dist_24_33,dist_24_34,dist_24_35,dist_24_36,dist_24_37,dist_24_38,dist_24_39,dist_24_40,dist_24_41,dist_24_42,dist_24_43,dist_24_44,dist_24_45,dist_24_46,dist_24_47,dist_24_48,dist_24_49,dist_24_50,dist_24_51,dist_24_52,dist_24_53,dist_24_54,dist_24_55,dist_24_56,dist_24_57,dist_24_58,dist_24_59,dist_24_60,dist_24_61,dist_24_62,dist_24_63,dist_24_64,dist_24_65,dist_24_66,dist_24_67,dist_25_26,dist_25_27,dist_25_28,dist_25_29,dist_25_30,dist_25_31,dist_25_32,dist_25_33,dist_25_34,dist_25_35,dist_25_36,dist_25_37,dist_25_38,dist_25_39,dist_25_40,dist_25_41,dist_25_42,dist_25_43,dist_25_44,dist_25_45,dist_25_46,dist_25_47,dist_25_48,dist_25_49,dist_25_50,dist_25_51,dist_25_52,dist_25_53,dist_25_54,dist_25_55,dist_25_56,dist_25_57,dist_25_58,dist_25_59,dist_25_60,dist_25_61,dist_25_62,dist_25_63,dist_25_64,dist_25_65,dist_25_66,dist_25_67,dist_26_27,dist_26_28,dist_26_29,dist_26_30,dist_26_31,dist_26_32,dist_26_33,dist_26_34,dist_26_35,dist_26_36,dist_26_37,dist_26_38,dist_26_39,dist_26_40,dist_26_41,dist_26_42,dist_26_43,dist_26_44,dist_26_45,dist_26_46,dist_26_47,dist_26_48,dist_26_49,dist_26_50,dist_26_51,dist_26_52,dist_26_53,dist_26_54,dist_26_55,dist_26_56,dist_26_57,dist_26_58,dist_26_59,dist_26_60,dist_26_61,dist_26_62,dist_26_63,dist_26_64,dist_26_65,dist_26_66,dist_26_67,dist_27_28,dist_27_29,dist_27_30,dist_27_31,dist_27_32,dist_27_33,dist_27_34,dist_27_35,dist_27_36,dist_27_37,dist_27_38,dist_27_39,dist_27_40,dist_27_41,dist_27_42,dist_27_43,dist_27_44,dist_27_45,dist_27_46,dist_27_47,dist_27_48,dist_27_49,dist_27_50,dist_27_51,dist_27_52,dist_27_53,dist_27_54,dist_27_55,dist_27_56,dist_27_57,dist_27_58,dist_27_59,dist_27_60,dist_27_61,dist_27_62,dist_27_63,dist_27_64,dist_27_65,dist_27_66,dist_27_67,dist_28_29,dist_28_30,dist_28_31,dist_28_32,dist_28_33,dist_28_34,dist_28_35,dist_28_36,dist_28_37,dist_28_38,dist_28_39,dist_28_40,dist_28_41,dist_28_42,dist_28_43,dist_28_44,dist_28_45,dist_28_46,dist_28_47,dist_28_48,dist_28_49,dist_28_50,dist_28_51,dist_28_52,dist_28_53,dist_28_54,dist_28_55,dist_28_56,dist_28_57,dist_28_58,dist_28_59,dist_28_60,dist_28_61,dist_28_62,dist_28_63,dist_28_64,dist_28_65,dist_28_66,dist_28_67,dist_29_30,dist_29_31,dist_29_32,dist_29_33,dist_29_34,dist_29_35,dist_29_36,dist_29_37,dist_29_38,dist_29_39,dist_29_40,dist_29_41,dist_29_42,dist_29_43,dist_29_44,dist_29_45,dist_29_46,dist_29_47,dist_29_48,dist_29_49,dist_29_50,dist_29_51,dist_29_52,dist_29_53,dist_29_54,dist_29_55,dist_29_56,dist_29_57,dist_29_58,dist_29_59,dist_29_60,dist_29_61,dist_29_62,dist_29_63,dist_29_64,dist_29_65,dist_29_66,dist_29_67,dist_30_31,dist_30_32,dist_30_33,dist_30_34,dist_30_35,dist_30_36,dist_30_37,dist_30_38,dist_30_39,dist_30_40,dist_30_41,dist_30_42,dist_30_43,dist_30_44,dist_30_45,dist_30_46,dist_30_47,dist_30_48,dist_30_49,dist_30_50,dist_30_51,dist_30_52,dist_30_53,dist_30_54,dist_30_55,dist_30_56,dist_30_57,dist_30_58,dist_30_59,dist_30_60,dist_30_61,dist_30_62,dist_30_63,dist_30_64,dist_30_65,dist_30_66,dist_30_67,dist_31_32,dist_31_33,dist_31_34,dist_31_35,dist_31_36,dist_31_37,dist_31_38,dist_31_39,dist_31_40,dist_31_41,dist_31_42,dist_31_43,dist_31_44,dist_31_45,dist_31_46,dist_31_47,dist_31_48,dist_31_49,dist_31_50,dist_31_51,dist_31_52,dist_31_53,dist_31_54,dist_31_55,dist_31_56,dist_31_57,dist_31_58,dist_31_59,dist_31_60,dist_31_61,dist_31_62,dist_31_63,dist_31_64,dist_31_65,dist_31_66,dist_31_67,dist_32_33,dist_32_34,dist_32_35,dist_32_36,dist_32_37,dist_32_38,dist_32_39,dist_32_40,dist_32_41,dist_32_42,dist_32_43,dist_32_44,dist_32_45,dist_32_46,dist_32_47,dist_32_48,dist_32_49,dist_32_50,dist_32_51,dist_32_52,dist_32_53,dist_32_54,dist_32_55,dist_32_56,dist_32_57,dist_32_58,dist_32_59,dist_32_60,dist_32_61,dist_32_62,dist_32_63,dist_32_64,dist_32_65,dist_32_66,dist_32_67,dist_33_34,dist_33_35,dist_33_36,dist_33_37,dist_33_38,dist_33_39,dist_33_40,dist_33_41,dist_33_42,dist_33_43,dist_33_44,dist_33_45,dist_33_46,dist_33_47,dist_33_48,dist_33_49,dist_33_50,dist_33_51,dist_33_52,dist_33_53,dist_33_54,dist_33_55,dist_33_56,dist_33_57,dist_33_58,dist_33_59,dist_33_60,dist_33_61,dist_33_62,dist_33_63,dist_33_64,dist_33_65,dist_33_66,dist_33_67,dist_34_35,dist_34_36,dist_34_37,dist_34_38,dist_34_39,dist_34_40,dist_34_41,dist_34_42,dist_34_43,dist_34_44,dist_34_45,dist_34_46,dist_34_47,dist_34_48,dist_34_49,dist_34_50,dist_34_51,dist_34_52,dist_34_53,dist_34_54,dist_34_55,dist_34_56,dist_34_57,dist_34_58,dist_34_59,dist_34_60,dist_34_61,dist_34_62,dist_34_63,dist_34_64,dist_34_65,dist_34_66,dist_34_67,dist_35_36,dist_35_37,dist_35_38,dist_35_39,dist_35_40,dist_35_41,dist_35_42,dist_35_43,dist_35_44,dist_35_45,dist_35_46,dist_35_47,dist_35_48,dist_35_49,dist_35_50,dist_35_51,dist_35_52,dist_35_53,dist_35_54,dist_35_55,dist_35_56,dist_35_57,dist_35_58,dist_35_59,dist_35_60,dist_35_61,dist_35_62,dist_35_63,dist_35_64,dist_35_65,dist_35_66,dist_35_67,dist_36_37,dist_36_38,dist_36_39,dist_36_40,dist_36_41,dist_36_42,dist_36_43,dist_36_44,dist_36_45,dist_36_46,dist_36_47,dist_36_48,dist_36_49,dist_36_50,dist_36_51,dist_36_52,dist_36_53,dist_36_54,dist_36_55,dist_36_56,dist_36_57,dist_36_58,dist_36_59,dist_36_60,dist_36_61,dist_36_62,dist_36_63,dist_36_64,dist_36_65,dist_36_66,dist_36_67,dist_37_38,dist_37_39,dist_37_40,dist_37_41,dist_37_42,dist_37_43,dist_37_44,dist_37_45,dist_37_46,dist_37_47,dist_37_48,dist_37_49,dist_37_50,dist_37_51,dist_37_52,dist_37_53,dist_37_54,dist_37_55,dist_37_56,dist_37_57,dist_37_58,dist_37_59,dist_37_60,dist_37_61,dist_37_62,dist_37_63,dist_37_64,dist_37_65,dist_37_66,dist_37_67,dist_38_39,dist_38_40,dist_38_41,dist_38_42,dist_38_43,dist_38_44,dist_38_45,dist_38_46,dist_38_47,dist_38_48,dist_38_49,dist_38_50,dist_38_51,dist_38_52,dist_38_53,dist_38_54,dist_38_55,dist_38_56,dist_38_57,dist_38_58,dist_38_59,dist_38_60,dist_38_61,dist_38_62,dist_38_63,dist_38_64,dist_38_65,dist_38_66,dist_38_67,dist_39_40,dist_39_41,dist_39_42,dist_39_43,dist_39_44,dist_39_45,dist_39_46,dist_39_47,dist_39_48,dist_39_49,dist_39_50,dist_39_51,dist_39_52,dist_39_53,dist_39_54,dist_39_55,dist_39_56,dist_39_57,dist_39_58,dist_39_59,dist_39_60,dist_39_61,dist_39_62,dist_39_63,dist_39_64,dist_39_65,dist_39_66,dist_39_67,dist_40_41,dist_40_42,dist_40_43,dist_40_44,dist_40_45,dist_40_46,dist_40_47,dist_40_48,dist_40_49,dist_40_50,dist_40_51,dist_40_52,dist_40_53,dist_40_54,dist_40_55,dist_40_56,dist_40_57,dist_40_58,dist_40_59,dist_40_60,dist_40_61,dist_40_62,dist_40_63,dist_40_64,dist_40_65,dist_40_66,dist_40_67,dist_41_42,dist_41_43,dist_41_44,dist_41_45,dist_41_46,dist_41_47,dist_41_48,dist_41_49,dist_41_50,dist_41_51,dist_41_52,dist_41_53,dist_41_54,dist_41_55,dist_41_56,dist_41_57,dist_41_58,dist_41_59,dist_41_60,dist_41_61,dist_41_62,dist_41_63,dist_41_64,dist_41_65,dist_41_66,dist_41_67,dist_42_43,dist_42_44,dist_42_45,dist_42_46,dist_42_47,dist_42_48,dist_42_49,dist_42_50,dist_42_51,dist_42_52,dist_42_53,dist_42_54,dist_42_55,dist_42_56,dist_42_57,dist_42_58,dist_42_59,dist_42_60,dist_42_61,dist_42_62,dist_42_63,dist_42_64,dist_42_65,dist_42_66,dist_42_67,dist_43_44,dist_43_45,dist_43_46,dist_43_47,dist_43_48,dist_43_49,dist_43_50,dist_43_51,dist_43_52,dist_43_53,dist_43_54,dist_43_55,dist_43_56,dist_43_57,dist_43_58,dist_43_59,dist_43_60,dist_43_61,dist_43_62,dist_43_63,dist_43_64,dist_43_65,dist_43_66,dist_43_67,dist_44_45,dist_44_46,dist_44_47,dist_44_48,dist_44_49,dist_44_50,dist_44_51,dist_44_52,dist_44_53,dist_44_54,dist_44_55,dist_44_56,dist_44_57,dist_44_58,dist_44_59,dist_44_60,dist_44_61,dist_44_62,dist_44_63,dist_44_64,dist_44_65,dist_44_66,dist_44_67,dist_45_46,dist_45_47,dist_45_48,dist_45_49,dist_45_50,dist_45_51,dist_45_52,dist_45_53,dist_45_54,dist_45_55,dist_45_56,dist_45_57,dist_45_58,dist_45_59,dist_45_60,dist_45_61,dist_45_62,dist_45_63,dist_45_64,dist_45_65,dist_45_66,dist_45_67,dist_46_47,dist_46_48,dist_46_49,dist_46_50,dist_46_51,dist_46_52,dist_46_53,dist_46_54,dist_46_55,dist_46_56,dist_46_57,dist_46_58,dist_46_59,dist_46_60,dist_46_61,dist_46_62,dist_46_63,dist_46_64,dist_46_65,dist_46_66,dist_46_67,dist_47_48,dist_47_49,dist_47_50,dist_47_51,dist_47_52,dist_47_53,dist_47_54,dist_47_55,dist_47_56,dist_47_57,dist_47_58,dist_47_59,dist_47_60,dist_47_61,dist_47_62,dist_47_63,dist_47_64,dist_47_65,dist_47_66,dist_47_67,dist_48_49,dist_48_50,dist_48_51,dist_48_52,dist_48_53,dist_48_54,dist_48_55,dist_48_56,dist_48_57,dist_48_58,dist_48_59,dist_48_60,dist_48_61,dist_48_62,dist_48_63,dist_48_64,dist_48_65,dist_48_66,dist_48_67,dist_49_50,dist_49_51,dist_49_52,dist_49_53,dist_49_54,dist_49_55,dist_49_56,dist_49_57,dist_49_58,dist_49_59,dist_49_60,dist_49_61,dist_49_62,dist_49_63,dist_49_64,dist_49_65,dist_49_66,dist_49_67,dist_50_51,dist_50_52,dist_50_53,dist_50_54,dist_50_55,dist_50_56,dist_50_57,dist_50_58,dist_50_59,dist_50_60,dist_50_61,dist_50_62,dist_50_63,dist_50_64,dist_50_65,dist_50_66,dist_50_67,dist_51_52,dist_51_53,dist_51_54,dist_51_55,dist_51_56,dist_51_57,dist_51_58,dist_51_59,dist_51_60,dist_51_61,dist_51_62,dist_51_63,dist_51_64,dist_51_65,dist_51_66,dist_51_67,dist_52_53,dist_52_54,dist_52_55,dist_52_56,dist_52_57,dist_52_58,dist_52_59,dist_52_60,dist_52_61,dist_52_62,dist_52_63,dist_52_64,dist_52_65,dist_52_66,dist_52_67,dist_53_54,dist_53_55,dist_53_56,dist_53_57,dist_53_58,dist_53_59,dist_53_60,dist_53_61,dist_53_62,dist_53_63,dist_53_64,dist_53_65,dist_53_66,dist_53_67,dist_54_55,dist_54_56,dist_54_57,dist_54_58,dist_54_59,dist_54_60,dist_54_61,dist_54_62,dist_54_63,dist_54_64,dist_54_65,dist_54_66,dist_54_67,dist_55_56,dist_55_57,dist_55_58,dist_55_59,dist_55_60,dist_55_61,dist_55_62,dist_55_63,dist_55_64,dist_55_65,dist_55_66,dist_55_67,dist_56_57,dist_56_58,dist_56_59,dist_56_60,dist_56_61,dist_56_62,dist_56_63,dist_56_64,dist_56_65,dist_56_66,dist_56_67,dist_57_58,dist_57_59,dist_57_60,dist_57_61,dist_57_62,dist_57_63,dist_57_64,dist_57_65,dist_57_66,dist_57_67,dist_58_59,dist_58_60,dist_58_61,dist_58_62,dist_58_63,dist_58_64,dist_58_65,dist_58_66,dist_58_67,dist_59_60,dist_59_61,dist_59_62,dist_59_63,dist_59_64,dist_59_65,dist_59_66,dist_59_67,dist_60_61,dist_60_62,dist_60_63,dist_60_64,dist_60_65,dist_60_66,dist_60_67,dist_61_62,dist_61_63,dist_61_64,dist_61_65,dist_61_66,dist_61_67,dist_62_63,dist_62_64,dist_62_65,dist_62_66,dist_62_67,dist_63_64,dist_63_65,dist_63_66,dist_63_67,dist_64_65,dist_64_66,dist_64_67,dist_65_66,dist_65_67,dist_66_67